com.samsung.shealth.report,6311013,3
timezone,start_date,update_time,create_time,type,is_empty,version,deviceuuid,content,pkg_name,datauuid,compressed_content
Europe/Warsaw,1587333600000,2020-05-02 13:04:38.570,2020-05-02 13:04:34.734,0,0,2,m3h9nVfJDO,X,com.sec.android.app.shealth,1423a967-8513-46c1-b9b2-a67bf0ddc3f2,1423a967-8513-46c1-b9b2-a67bf0ddc3f2.compressed_content.json,
Europe/Warsaw,1594591200000,2020-07-25 13:05:05.906,2020-07-23 13:04:10.723,0,0,2,m3h9nVfJDO,X,com.sec.android.app.shealth,0a897995-933c-4c42-9a3a-f74072291427,0a897995-933c-4c42-9a3a-f74072291427.compressed_content.json,
Europe/Warsaw,1595196000000,2020-07-29 13:04:51.845,2020-07-27 13:04:34.152,0,0,2,m3h9nVfJDO,X,com.sec.android.app.shealth,665f77f9-5ab2-4c42-ad13-c90cf61534b3,665f77f9-5ab2-4c42-ad13-c90cf61534b3.compressed_content.json,
Europe/Warsaw,1595800800000,2020-08-05 13:05:11.738,2020-08-03 13:04:06.030,0,0,2,m3h9nVfJDO,X,com.sec.android.app.shealth,7ec964e9-820a-485c-ad66-7348647bc310,7ec964e9-820a-485c-ad66-7348647bc310.compressed_content.json,
Europe/Warsaw,1596405600000,2020-08-10 13:04:46.933,2020-08-10 13:04:39.596,0,0,2,m3h9nVfJDO,X,com.sec.android.app.shealth,eb9f7ab2-b869-4a12-9cc8-217ddf044676,eb9f7ab2-b869-4a12-9cc8-217ddf044676.compressed_content.json,
Europe/Warsaw,1597010400000,2020-08-18 13:04:44.997,2020-08-17 13:04:04.838,0,0,2,m3h9nVfJDO,X,com.sec.android.app.shealth,07b169e6-8f05-4594-9ba3-c06dba908559,07b169e6-8f05-4594-9ba3-c06dba908559.compressed_content.json,
Europe/Warsaw,1599429600000,2020-09-14 13:06:13.225,2020-09-14 13:06:09.977,0,0,2,m3h9nVfJDO,X,com.sec.android.app.shealth,fcb8682e-989b-42db-b6f3-5835050d032d,fcb8682e-989b-42db-b6f3-5835050d032d.compressed_content.json,
Europe/Warsaw,1600034400000,2020-09-22 13:04:16.127,2020-09-21 13:05:19.042,0,0,2,m3h9nVfJDO,X,com.sec.android.app.shealth,86ae1107-449d-4b56-89fe-edcb36265894,86ae1107-449d-4b56-89fe-edcb36265894.compressed_content.json,
Europe/Warsaw,1598220000000,2020-09-01 13:06:12.137,2020-08-31 13:04:47.786,0,0,2,m3h9nVfJDO,X,com.sec.android.app.shealth,21ea0724-d73d-4b77-9762-3ba3f0a07d16,21ea0724-d73d-4b77-9762-3ba3f0a07d16.compressed_content.json,
Europe/Warsaw,1598824800000,2020-09-08 13:04:27.643,2020-09-07 13:04:23.165,0,0,2,m3h9nVfJDO,X,com.sec.android.app.shealth,b106dac3-e3cd-4a29-9fc5-5dd77eb9391a,b106dac3-e3cd-4a29-9fc5-5dd77eb9391a.compressed_content.json,
Europe/Warsaw,1597615200000,2020-08-25 13:06:20.429,2020-08-24 13:04:32.593,0,0,2,m3h9nVfJDO,X,com.sec.android.app.shealth,810d9615-457b-44ff-9626-6f6ff14868cb,810d9615-457b-44ff-9626-6f6ff14868cb.compressed_content.json,
Europe/Warsaw,1600639200000,2020-09-29 13:04:20.290,2020-09-28 13:04:10.963,0,0,2,m3h9nVfJDO,X,com.sec.android.app.shealth,0af67908-c9ab-4550-b229-594c06825406,0af67908-c9ab-4550-b229-594c06825406.compressed_content.json,
Europe/Warsaw,1601244000000,2020-10-05 13:04:09.161,2020-10-05 13:04:06.429,0,0,2,m3h9nVfJDO,X,com.sec.android.app.shealth,585ec1c6-77fd-405a-9da8-b294e351b561,585ec1c6-77fd-405a-9da8-b294e351b561.compressed_content.json,
Europe/Warsaw,1602453600000,2020-10-20 13:05:07.937,2020-10-19 13:04:36.215,0,0,2,m3h9nVfJDO,X,com.sec.android.app.shealth,40325554-2287-4518-a5cb-a5272dbd807d,40325554-2287-4518-a5cb-a5272dbd807d.compressed_content.json,
Europe/Warsaw,1601848800000,2020-10-14 13:04:05.841,2020-10-12 13:05:31.274,0,0,2,m3h9nVfJDO,X,com.sec.android.app.shealth,08e7aacb-ab01-4d59-9a55-5f25f9db379a,08e7aacb-ab01-4d59-9a55-5f25f9db379a.compressed_content.json,
Europe/Warsaw,1603058400000,2020-10-28 14:05:10.575,2020-10-26 14:04:11.341,0,0,2,m3h9nVfJDO,X,com.sec.android.app.shealth,b29f22da-8266-46b9-986b-51c180e06597,b29f22da-8266-46b9-986b-51c180e06597.compressed_content.json,
Europe/Warsaw,1603666800000,2020-11-03 14:04:16.273,2020-11-02 14:04:19.184,0,0,2,m3h9nVfJDO,X,com.sec.android.app.shealth,3937f318-2d57-4b88-8edc-89a0a81ff3aa,3937f318-2d57-4b88-8edc-89a0a81ff3aa.compressed_content.json,
Europe/Warsaw,1604271600000,2020-11-09 14:05:14.928,2020-11-09 14:05:07.913,0,0,2,m3h9nVfJDO,X,com.sec.android.app.shealth,531e372e-daae-42e5-8112-5179f2500ed7,531e372e-daae-42e5-8112-5179f2500ed7.compressed_content.json,
Europe/Warsaw,1604876400000,2020-11-16 14:04:49.367,2020-11-16 14:04:33.056,0,0,2,m3h9nVfJDO,X,com.sec.android.app.shealth,a6613c2f-90c4-455e-9fb5-bd689bd233ea,a6613c2f-90c4-455e-9fb5-bd689bd233ea.compressed_content.json,
Europe/Warsaw,1605481200000,2020-11-25 14:04:55.137,2020-11-23 14:06:56.225,0,0,2,m3h9nVfJDO,X,com.sec.android.app.shealth,672514b5-48b5-40db-a909-d3f6eebada0d,672514b5-48b5-40db-a909-d3f6eebada0d.compressed_content.json,
Europe/Warsaw,1606086000000,2020-12-02 14:05:53.027,2020-11-30 14:05:17.911,0,0,2,m3h9nVfJDO,X,com.sec.android.app.shealth,bf25a610-20a8-424b-a3d0-89a581544eed,bf25a610-20a8-424b-a3d0-89a581544eed.compressed_content.json,
Europe/Warsaw,1606690800000,2020-12-08 14:05:56.047,2020-12-07 14:04:12.511,0,0,2,m3h9nVfJDO,X,com.sec.android.app.shealth,177c16e6-6a55-4282-85f7-4276028d2a08,177c16e6-6a55-4282-85f7-4276028d2a08.compressed_content.json,
Europe/Warsaw,1607295600000,2020-12-15 14:04:29.951,2020-12-14 14:06:59.030,0,0,2,m3h9nVfJDO,X,com.sec.android.app.shealth,4444cb0e-ee59-4ad1-ad0a-e69ee267413f,4444cb0e-ee59-4ad1-ad0a-e69ee267413f.compressed_content.json,
Europe/Warsaw,1607900400000,2020-12-23 14:05:32.200,2020-12-21 14:05:50.590,0,0,2,m3h9nVfJDO,X,com.sec.android.app.shealth,0c8f8654-833b-4e6e-a825-1afe350250b5,0c8f8654-833b-4e6e-a825-1afe350250b5.compressed_content.json,
Europe/Warsaw,1607900400000,2020-12-27 15:00:10.376,2020-12-27 15:00:04.191,0,0,2,t2lQEfg4vc,X,com.sec.android.app.shealth,f0c98938-322c-4c46-8378-74e7aab168fd,f0c98938-322c-4c46-8378-74e7aab168fd.compressed_content.json,
Europe/Warsaw,1608505200000,2020-12-29 16:47:09.878,2020-12-28 16:58:36.478,0,0,2,t2lQEfg4vc,X,com.sec.android.app.shealth,5785859c-151b-4bfe-913b-e46b079f67ce,5785859c-151b-4bfe-913b-e46b079f67ce.compressed_content.json,
Europe/Warsaw,1609110000000,2021-01-06 14:05:55.925,2021-01-06 14:05:54.894,0,0,2,t2lQEfg4vc,X,com.sec.android.app.shealth,a87801e2-3df1-44e3-a66c-ef4c9742ca8c,a87801e2-3df1-44e3-a66c-ef4c9742ca8c.compressed_content.json,
Europe/Warsaw,1609714800000,2021-01-13 14:27:26.332,2021-01-12 13:31:35.181,0,0,2,t2lQEfg4vc,X,com.sec.android.app.shealth,6883a0c2-b7d3-4c70-82a3-ef68dec7e33b,6883a0c2-b7d3-4c70-82a3-ef68dec7e33b.compressed_content.json,
Europe/Warsaw,1610319600000,2021-01-21 08:24:25.559,2021-01-18 14:27:34.309,0,0,2,t2lQEfg4vc,X,com.sec.android.app.shealth,37468d1e-e689-4fd4-a2c5-b9fc0ab83de1,37468d1e-e689-4fd4-a2c5-b9fc0ab83de1.compressed_content.json,
Europe/Warsaw,1610924400000,2021-01-26 14:54:48.599,2021-01-26 14:54:47.363,0,0,2,t2lQEfg4vc,X,com.sec.android.app.shealth,fb8b57b2-54e5-4a8f-a073-f70ae19d620a,fb8b57b2-54e5-4a8f-a073-f70ae19d620a.compressed_content.json,
Europe/Warsaw,1611529200000,2021-02-05 16:05:28.496,2021-02-05 16:05:27.465,0,0,2,t2lQEfg4vc,X,com.sec.android.app.shealth,d2c11b5d-04f2-4abc-a5e4-b7985f1f62ff,d2c11b5d-04f2-4abc-a5e4-b7985f1f62ff.compressed_content.json,
Europe/Warsaw,1612134000000,2021-02-08 15:25:58.264,2021-02-08 15:25:57.665,0,0,2,t2lQEfg4vc,X,com.sec.android.app.shealth,7582263f-2be9-4048-b3b6-cb7786940602,7582263f-2be9-4048-b3b6-cb7786940602.compressed_content.json,
Europe/Warsaw,1613343600000,2021-02-27 14:13:02.757,2021-02-27 14:13:01.292,0,0,2,t2lQEfg4vc,X,com.sec.android.app.shealth,8283be53-03af-41d0-8dbd-941aebe3ddcb,8283be53-03af-41d0-8dbd-941aebe3ddcb.compressed_content.json,
Europe/Warsaw,1613948400000,2021-03-07 14:13:33.669,2021-03-07 14:13:33.107,0,0,2,t2lQEfg4vc,X,com.sec.android.app.shealth,cb1fea16-539b-499a-a784-2cbaeda18de8,cb1fea16-539b-499a-a784-2cbaeda18de8.compressed_content.json,
Europe/Warsaw,1614553200000,2021-03-08 15:56:47.245,2021-03-08 15:56:44.989,0,0,2,t2lQEfg4vc,X,com.sec.android.app.shealth,435743de-2dad-4db4-8443-9ab92d212b63,435743de-2dad-4db4-8443-9ab92d212b63.compressed_content.json,
Europe/Warsaw,1615762800000,2021-03-23 14:08:23.684,2021-03-23 14:08:22.277,0,0,2,t2lQEfg4vc,X,com.sec.android.app.shealth,9faa675f-aee9-4881-939f-77b05cb9c60a,9faa675f-aee9-4881-939f-77b05cb9c60a.compressed_content.json,
Europe/Warsaw,1616367600000,2021-03-29 13:45:12.055,2021-03-29 13:45:03.736,0,0,2,t2lQEfg4vc,X,com.sec.android.app.shealth,975134a7-e596-4ee9-bfda-2d4fac13df31,975134a7-e596-4ee9-bfda-2d4fac13df31.compressed_content.json,
Europe/Warsaw,1618783200000,2021-04-26 15:20:28.747,2021-04-26 15:20:25.061,0,0,2,t2lQEfg4vc,X,com.sec.android.app.shealth,9d08774f-f59f-445d-b91d-6905e2522313,9d08774f-f59f-445d-b91d-6905e2522313.compressed_content.json,
Europe/Warsaw,1620597600000,2021-05-19 16:29:46.370,2021-05-19 16:29:34.715,0,0,2,t2lQEfg4vc,X,com.sec.android.app.shealth,94e3e8f8-fc2b-45c0-bf96-7805eac1f6ee,94e3e8f8-fc2b-45c0-bf96-7805eac1f6ee.compressed_content.json,
Europe/Warsaw,1621202400000,2021-05-29 15:49:05.353,2021-05-29 15:49:04.193,0,0,2,t2lQEfg4vc,X,com.sec.android.app.shealth,30aed6cd-119c-45b4-8c71-e067e26a52c5,30aed6cd-119c-45b4-8c71-e067e26a52c5.compressed_content.json,
Europe/Warsaw,1621807200000,2021-05-31 13:02:12.786,2021-05-31 13:02:11.141,0,0,2,t2lQEfg4vc,X,com.sec.android.app.shealth,23992ddf-42bc-4cee-aaed-43f6b3b9ad5f,23992ddf-42bc-4cee-aaed-43f6b3b9ad5f.compressed_content.json,
Europe/Warsaw,1622412000000,2021-06-08 12:50:46.007,2021-06-08 12:50:44.071,0,0,2,t2lQEfg4vc,X,com.sec.android.app.shealth,8a697c90-d528-4d51-992a-e6377d26eda8,8a697c90-d528-4d51-992a-e6377d26eda8.compressed_content.json,
Europe/Warsaw,1623016800000,2021-06-17 12:49:03.778,2021-06-17 12:49:02.980,0,0,2,t2lQEfg4vc,X,com.sec.android.app.shealth,babf9ead-0891-4446-b421-bb589ef2a277,babf9ead-0891-4446-b421-bb589ef2a277.compressed_content.json,
Europe/Warsaw,1624831200000,2021-07-05 14:29:49.674,2021-07-05 14:29:48.857,0,0,2,t2lQEfg4vc,X,com.sec.android.app.shealth,f716bf40-dae1-4ec8-81fc-ad22c1013f54,f716bf40-dae1-4ec8-81fc-ad22c1013f54.compressed_content.json,
Europe/Warsaw,1625436000000,2021-07-18 14:38:20.467,2021-07-18 14:38:19.679,0,0,2,t2lQEfg4vc,X,com.sec.android.app.shealth,9635a4ee-87e1-4bd4-840c-0117acfd9c6c,9635a4ee-87e1-4bd4-840c-0117acfd9c6c.compressed_content.json,
Europe/Warsaw,1626040800000,2021-07-19 12:34:27.511,2021-07-19 12:34:26.372,0,0,2,t2lQEfg4vc,X,com.sec.android.app.shealth,5af05449-cf50-4296-ac95-d9c3bd70e3c9,5af05449-cf50-4296-ac95-d9c3bd70e3c9.compressed_content.json,
Europe/Warsaw,1626645600000,2021-07-28 12:39:50.274,2021-07-28 12:39:49.564,0,0,2,t2lQEfg4vc,X,com.sec.android.app.shealth,57b7f826-ca73-4301-ac2b-967f29a6b991,57b7f826-ca73-4301-ac2b-967f29a6b991.compressed_content.json,
Europe/Warsaw,1627250400000,2021-08-02 13:57:55.769,2021-08-02 13:57:48.821,0,0,2,t2lQEfg4vc,X,com.sec.android.app.shealth,c1a417b3-3d83-4260-9966-7565a0dcdc9f,c1a417b3-3d83-4260-9966-7565a0dcdc9f.compressed_content.json,
Europe/Warsaw,1627855200000,2021-08-09 14:18:36.309,2021-08-09 14:18:32.980,0,0,2,t2lQEfg4vc,X,com.sec.android.app.shealth,c7a748bb-5cfe-4304-aa35-a3af9a603f50,c7a748bb-5cfe-4304-aa35-a3af9a603f50.compressed_content.json,
Europe/Warsaw,1628460000000,2021-08-17 10:50:20.361,2021-08-17 10:50:05.367,0,0,2,t2lQEfg4vc,X,com.sec.android.app.shealth,9f53cbd3-d954-44cf-a40f-e28b410bb981,9f53cbd3-d954-44cf-a40f-e28b410bb981.compressed_content.json,
Europe/Warsaw,1629064800000,2021-08-23 14:02:38.859,2021-08-23 14:02:33.080,0,0,2,t2lQEfg4vc,X,com.sec.android.app.shealth,984e8469-a4a1-4b25-af19-4d54734ca5d3,984e8469-a4a1-4b25-af19-4d54734ca5d3.compressed_content.json,
Europe/Warsaw,1629669600000,2021-08-30 13:01:16.614,2021-08-30 13:01:14.647,0,0,2,t2lQEfg4vc,X,com.sec.android.app.shealth,5ad0c59c-f9ef-4f13-85f7-0031c54a1806,5ad0c59c-f9ef-4f13-85f7-0031c54a1806.compressed_content.json,
Europe/Warsaw,1630274400000,2021-09-08 16:07:23.156,2021-09-08 16:07:16.869,0,0,2,t2lQEfg4vc,X,com.sec.android.app.shealth,61bcf116-8c37-428c-ad6e-93f3002e749f,61bcf116-8c37-428c-ad6e-93f3002e749f.compressed_content.json,
Europe/Warsaw,1630879200000,2021-09-13 13:31:08.076,2021-09-13 13:31:04.853,0,0,2,t2lQEfg4vc,X,com.sec.android.app.shealth,094f05a7-0b1b-4241-9057-c8bc6bf43c77,094f05a7-0b1b-4241-9057-c8bc6bf43c77.compressed_content.json,
Europe/Warsaw,1631484000000,2021-09-25 16:40:31.420,2021-09-25 16:40:29.099,0,0,2,t2lQEfg4vc,X,com.sec.android.app.shealth,b69caf32-3816-4e0e-9bde-e279a107490b,b69caf32-3816-4e0e-9bde-e279a107490b.compressed_content.json,
Europe/Warsaw,1632088800000,2021-09-27 13:27:47.755,2021-09-27 13:27:40.395,0,0,2,t2lQEfg4vc,X,com.sec.android.app.shealth,2de0949d-028a-4abb-848e-ee35e9065c83,2de0949d-028a-4abb-848e-ee35e9065c83.compressed_content.json,
Europe/Warsaw,1633298400000,2021-10-11 13:51:28.597,2021-10-11 13:51:24.559,0,0,2,t2lQEfg4vc,X,com.sec.android.app.shealth,9f0cc7e2-acd5-4a52-ab47-7ffffbb282ad,9f0cc7e2-acd5-4a52-ab47-7ffffbb282ad.compressed_content.json,
Europe/Warsaw,1634508000000,2021-10-30 13:42:55.692,2021-10-30 13:42:52.242,0,0,2,t2lQEfg4vc,X,com.sec.android.app.shealth,58e6aaf2-23b5-43a8-9ff8-0cf8f8c7cf9a,58e6aaf2-23b5-43a8-9ff8-0cf8f8c7cf9a.compressed_content.json,
Europe/Warsaw,1633903200000,2021-10-22 16:14:12.058,2021-10-22 16:13:56.399,0,0,2,zOMhdsm5Ps,X,com.sec.android.app.shealth,6c40f340-c666-44b9-bf3c-77b136f9a269,6c40f340-c666-44b9-bf3c-77b136f9a269.compressed_content.json,
Europe/Warsaw,1634508000000,2021-10-25 14:01:59.187,2021-10-25 14:01:48.730,0,0,2,zOMhdsm5Ps,X,com.sec.android.app.shealth,090aac7a-95df-454e-aeac-6928c1b28742,090aac7a-95df-454e-aeac-6928c1b28742.compressed_content.json,
Europe/Warsaw,1635112800000,2021-11-01 13:02:48.581,2021-11-01 13:02:43.144,0,0,2,zOMhdsm5Ps,X,com.sec.android.app.shealth,92e065dc-e7a6-4ae8-a880-9a6c5693e76c,92e065dc-e7a6-4ae8-a880-9a6c5693e76c.compressed_content.json,
Europe/Warsaw,1635112800000,2021-11-01 18:35:14.261,2021-11-01 18:35:09.921,0,0,2,t2lQEfg4vc,X,com.sec.android.app.shealth,6433d800-861b-44d6-ac2a-bb434a156b6f,6433d800-861b-44d6-ac2a-bb434a156b6f.compressed_content.json,
Europe/Warsaw,1635721200000,2021-11-08 13:51:37.790,2021-11-08 13:51:32.933,0,0,2,t2lQEfg4vc,X,com.sec.android.app.shealth,c7c8e603-d440-47ff-af2e-451a716cdd36,c7c8e603-d440-47ff-af2e-451a716cdd36.compressed_content.json,
Europe/Warsaw,1635721200000,2021-11-08 15:44:38.914,2021-11-08 15:44:36.087,0,0,2,zOMhdsm5Ps,X,com.sec.android.app.shealth,61399815-8556-4339-9f0a-b92bf291340d,61399815-8556-4339-9f0a-b92bf291340d.compressed_content.json,
Europe/Warsaw,1636326000000,2021-11-16 13:40:52.562,2021-11-16 13:40:49.984,0,0,2,t2lQEfg4vc,X,com.sec.android.app.shealth,2b5576ff-af92-4fac-b5d3-319be316b6a4,2b5576ff-af92-4fac-b5d3-319be316b6a4.compressed_content.json,
Europe/Warsaw,1636930800000,2021-11-22 14:03:56.937,2021-11-22 14:03:53.004,0,0,2,t2lQEfg4vc,X,com.sec.android.app.shealth,6d89a7bd-f0bb-4eb9-a00f-1c4ddb001e32,6d89a7bd-f0bb-4eb9-a00f-1c4ddb001e32.compressed_content.json,
Europe/Warsaw,1637535600000,2021-11-29 13:35:18.546,2021-11-29 13:35:13.999,0,0,2,t2lQEfg4vc,X,com.sec.android.app.shealth,ee83e943-8b3a-4524-9243-c1b18f5e53f3,ee83e943-8b3a-4524-9243-c1b18f5e53f3.compressed_content.json,
Europe/Warsaw,1638140400000,2021-12-07 18:54:38.251,2021-12-07 18:54:34.441,0,0,2,t2lQEfg4vc,X,com.sec.android.app.shealth,717d73f7-296f-4ff5-bd44-b9b5fcf0fed0,717d73f7-296f-4ff5-bd44-b9b5fcf0fed0.compressed_content.json,
Europe/Warsaw,1638745200000,2021-12-13 14:05:27.642,2021-12-13 14:05:23.797,0,0,2,t2lQEfg4vc,X,com.sec.android.app.shealth,ac8fdf13-fb7f-4ea4-a6b8-53ca03551ed1,ac8fdf13-fb7f-4ea4-a6b8-53ca03551ed1.compressed_content.json,
Europe/Warsaw,1639350000000,2021-12-20 14:26:48.839,2021-12-20 14:26:26.653,0,0,2,t2lQEfg4vc,X,com.sec.android.app.shealth,b8e87b97-5e21-42f1-ab15-4d52e2255c03,b8e87b97-5e21-42f1-ab15-4d52e2255c03.compressed_content.json,
Europe/Warsaw,1639954800000,2021-12-30 17:29:21.936,2021-12-30 17:29:16.391,0,0,2,t2lQEfg4vc,X,com.sec.android.app.shealth,0926335b-4139-470d-82f8-5f82485c3dad,0926335b-4139-470d-82f8-5f82485c3dad.compressed_content.json,
Europe/Warsaw,1640559600000,2022-01-03 17:05:39.690,2022-01-03 17:05:33.184,0,0,2,t2lQEfg4vc,X,com.sec.android.app.shealth,fc218a1b-7ccf-4ff0-86c3-5abc6b24206d,fc218a1b-7ccf-4ff0-86c3-5abc6b24206d.compressed_content.json,
Europe/Warsaw,1641164400000,2022-01-10 13:30:36.997,2022-01-10 13:30:33.414,0,0,2,t2lQEfg4vc,X,com.sec.android.app.shealth,964b5e5b-aaae-41f7-a08a-c9e85030eabf,964b5e5b-aaae-41f7-a08a-c9e85030eabf.compressed_content.json,
Europe/Warsaw,1641769200000,2022-01-18 16:28:04.260,2022-01-18 16:27:59.431,0,0,2,t2lQEfg4vc,X,com.sec.android.app.shealth,fd570b74-3964-443c-ab8b-def2e5b55df3,fd570b74-3964-443c-ab8b-def2e5b55df3.compressed_content.json,
Europe/Warsaw,1642978800000,2022-01-31 00:13:41.450,2022-01-31 00:13:38.762,0,0,2,t2lQEfg4vc,X,com.sec.android.app.shealth,09bd1b68-ea06-45bc-87fe-658d1b79dd8c,09bd1b68-ea06-45bc-87fe-658d1b79dd8c.compressed_content.json,
Europe/Warsaw,1643583600000,2022-02-12 13:34:20.623,2022-02-11 15:41:25.658,0,0,2,t2lQEfg4vc,X,com.sec.android.app.shealth,bddb5cb0-9efa-479c-b3e6-0694f20fd6a3,bddb5cb0-9efa-479c-b3e6-0694f20fd6a3.compressed_content.json,
Europe/Warsaw,1644188400000,2022-02-17 15:54:24.910,2022-02-17 15:54:23.139,0,0,2,t2lQEfg4vc,X,com.sec.android.app.shealth,f86ec059-978f-4225-99d8-f0a62dc47015,f86ec059-978f-4225-99d8-f0a62dc47015.compressed_content.json,
Europe/Warsaw,1644793200000,2022-02-21 14:16:41.754,2022-02-21 14:16:36.295,0,0,2,t2lQEfg4vc,X,com.sec.android.app.shealth,e7f20a31-31c9-43bd-baf0-6e5d31d916c5,e7f20a31-31c9-43bd-baf0-6e5d31d916c5.compressed_content.json,
Europe/Warsaw,1645398000000,2022-03-05 13:30:46.982,2022-03-05 13:30:37.908,0,0,2,t2lQEfg4vc,X,com.sec.android.app.shealth,938b66d9-29a8-4704-8d8f-295611d6f0f6,938b66d9-29a8-4704-8d8f-295611d6f0f6.compressed_content.json,
Europe/Warsaw,1646002800000,2022-03-07 13:51:12.706,2022-03-07 13:51:04.739,0,0,2,t2lQEfg4vc,X,com.sec.android.app.shealth,726ab64d-f2d6-4ebd-9dc6-6a84bfa047cf,726ab64d-f2d6-4ebd-9dc6-6a84bfa047cf.compressed_content.json,
Europe/Warsaw,1647212400000,2022-03-26 15:03:34.655,2022-03-26 15:03:00.197,0,0,2,t2lQEfg4vc,X,com.sec.android.app.shealth,c5775083-a2de-46b3-ad73-fd139ba6db65,c5775083-a2de-46b3-ad73-fd139ba6db65.compressed_content.json,
Europe/Warsaw,1647817200000,2022-03-28 03:01:42.739,2022-03-28 03:01:35.397,0,0,2,t2lQEfg4vc,X,com.sec.android.app.shealth,4ccddce8-6a6e-4449-9be1-8b4ce96d4644,4ccddce8-6a6e-4449-9be1-8b4ce96d4644.compressed_content.json,
Europe/Warsaw,1648418400000,2022-04-08 12:59:36.569,2022-04-08 12:59:32.212,0,0,2,t2lQEfg4vc,X,com.sec.android.app.shealth,f95de354-d9f6-404b-b3d4-4b801dc66485,f95de354-d9f6-404b-b3d4-4b801dc66485.compressed_content.json,
Europe/Warsaw,1649023200000,2022-04-11 13:17:51.758,2022-04-11 13:17:45.226,0,0,2,t2lQEfg4vc,X,com.sec.android.app.shealth,b1a40089-10a6-452e-9cb6-bd177afb0d64,b1a40089-10a6-452e-9cb6-bd177afb0d64.compressed_content.json,
Europe/Warsaw,1649628000000,2022-04-20 16:36:59.432,2022-04-18 13:44:08.337,0,0,2,t2lQEfg4vc,X,com.sec.android.app.shealth,1fe1303c-0570-4978-a37e-99387d3232ef,1fe1303c-0570-4978-a37e-99387d3232ef.compressed_content.json,
Europe/Warsaw,1650837600000,2022-05-06 19:33:05.498,2022-05-06 19:33:01.357,0,0,2,t2lQEfg4vc,X,com.sec.android.app.shealth,e8014bab-d4f3-422a-b67d-f532f33551d2,e8014bab-d4f3-422a-b67d-f532f33551d2.compressed_content.json,
Europe/Warsaw,1651442400000,2022-05-09 13:59:01.553,2022-05-09 13:59:00.122,0,0,2,t2lQEfg4vc,X,com.sec.android.app.shealth,5254ba85-f848-410a-9585-8880741a4e18,5254ba85-f848-410a-9585-8880741a4e18.compressed_content.json,
Europe/Warsaw,1652047200000,2022-05-16 12:35:15.162,2022-05-16 12:35:11.492,0,0,2,t2lQEfg4vc,X,com.sec.android.app.shealth,0007208f-7ee4-4a29-aeb5-c6074060589e,0007208f-7ee4-4a29-aeb5-c6074060589e.compressed_content.json,
Europe/Warsaw,1652652000000,2022-05-23 13:02:31.782,2022-05-23 13:02:26.880,0,0,2,t2lQEfg4vc,X,com.sec.android.app.shealth,b4702ba1-984e-47b7-8b23-5e44e2046c91,b4702ba1-984e-47b7-8b23-5e44e2046c91.compressed_content.json,
Europe/Warsaw,1653256800000,2022-05-30 13:08:58.053,2022-05-30 13:08:54.802,0,0,2,t2lQEfg4vc,X,com.sec.android.app.shealth,b940bef2-0000-4fb6-9b28-55b9dadf47d9,b940bef2-0000-4fb6-9b28-55b9dadf47d9.compressed_content.json,
Europe/Warsaw,1653861600000,2022-06-08 14:36:38.767,2022-06-08 14:36:34.936,0,0,2,t2lQEfg4vc,X,com.sec.android.app.shealth,5b7f9e9b-5804-4ebe-937a-0630b85a1909,5b7f9e9b-5804-4ebe-937a-0630b85a1909.compressed_content.json,
Europe/Warsaw,1654466400000,2022-06-13 13:18:34.376,2022-06-13 13:18:30.523,0,0,2,t2lQEfg4vc,X,com.sec.android.app.shealth,b6acd95e-9f34-470a-94c3-b2c8f9ab405c,b6acd95e-9f34-470a-94c3-b2c8f9ab405c.compressed_content.json,
Europe/Warsaw,1655071200000,2022-06-20 12:45:42.360,2022-06-20 12:45:38.735,0,0,2,t2lQEfg4vc,X,com.sec.android.app.shealth,65fdd737-8c7a-4f0e-b55f-b99d54b61cae,65fdd737-8c7a-4f0e-b55f-b99d54b61cae.compressed_content.json,
Europe/Warsaw,1655676000000,2022-06-29 11:42:22.825,2022-06-27 13:14:27.460,0,0,2,t2lQEfg4vc,X,com.sec.android.app.shealth,01c295a7-35aa-4780-a132-7d9f105f2eca,01c295a7-35aa-4780-a132-7d9f105f2eca.compressed_content.json,
Europe/Warsaw,1656280800000,2022-07-05 08:06:51.100,2022-07-05 08:06:44.749,0,0,2,t2lQEfg4vc,X,com.sec.android.app.shealth,2d83f79b-ee5e-4c7e-8d2b-1e2b284611ad,2d83f79b-ee5e-4c7e-8d2b-1e2b284611ad.compressed_content.json,
Europe/Warsaw,1657490400000,2022-07-18 12:41:35.352,2022-07-18 12:41:12.991,0,0,2,t2lQEfg4vc,X,com.sec.android.app.shealth,3ccb374c-07dd-44a9-a5aa-a7fb16390936,3ccb374c-07dd-44a9-a5aa-a7fb16390936.compressed_content.json,
Europe/Warsaw,1656885600000,2022-07-14 15:41:21.109,2022-07-14 15:41:16.763,0,0,2,t2lQEfg4vc,X,com.sec.android.app.shealth,76ecbdb3-3787-4f57-90ac-18e9bfb7b244,76ecbdb3-3787-4f57-90ac-18e9bfb7b244.compressed_content.json,
Europe/Warsaw,1658095200000,2022-07-27 12:50:37.859,2022-07-27 12:50:31.624,0,0,2,t2lQEfg4vc,X,com.sec.android.app.shealth,5e7a63e9-c1f7-486b-8767-3450622c1aeb,5e7a63e9-c1f7-486b-8767-3450622c1aeb.compressed_content.json,
Europe/Warsaw,1658700000000,2022-08-01 12:41:12.838,2022-08-01 12:41:09.449,0,0,2,t2lQEfg4vc,X,com.sec.android.app.shealth,24316645-f1b8-4639-8734-f1cdd2b1817b,24316645-f1b8-4639-8734-f1cdd2b1817b.compressed_content.json,
Europe/Warsaw,1659304800000,2022-08-08 16:37:31.533,2022-08-08 16:37:01.858,0,0,2,t2lQEfg4vc,X,com.sec.android.app.shealth,a1a49397-b4e5-4d2b-9436-27a603c6a09f,a1a49397-b4e5-4d2b-9436-27a603c6a09f.compressed_content.json,
Europe/Warsaw,1659909600000,2022-08-15 19:15:34.455,2022-08-15 19:15:28.168,0,0,2,t2lQEfg4vc,X,com.sec.android.app.shealth,0569c8da-dee5-4b4c-bbf7-6509f0cc99cf,0569c8da-dee5-4b4c-bbf7-6509f0cc99cf.compressed_content.json,
Europe/Warsaw,1660514400000,2022-08-22 23:49:26.739,2022-08-22 23:49:19.718,0,0,2,t2lQEfg4vc,X,com.sec.android.app.shealth,64f236d9-bb36-4dd0-abe4-a5dfae9e4869,64f236d9-bb36-4dd0-abe4-a5dfae9e4869.compressed_content.json,
Europe/Warsaw,1661119200000,2022-08-29 13:32:33.422,2022-08-29 13:32:31.832,0,0,2,t2lQEfg4vc,X,com.sec.android.app.shealth,c7f1559e-fcb0-47e7-bc9f-beed8e51d7d3,c7f1559e-fcb0-47e7-bc9f-beed8e51d7d3.compressed_content.json,
Europe/Warsaw,1661724000000,2022-09-06 13:42:16.709,2022-09-06 13:42:11.981,0,0,2,t2lQEfg4vc,X,com.sec.android.app.shealth,d27962e4-050e-409f-bb86-6013c4b00f15,d27962e4-050e-409f-bb86-6013c4b00f15.compressed_content.json,
Europe/Warsaw,1662328800000,2022-09-12 13:00:57.347,2022-09-12 13:00:53.568,0,0,2,t2lQEfg4vc,X,com.sec.android.app.shealth,1629eb5d-a372-4610-8eb9-407895374c1d,1629eb5d-a372-4610-8eb9-407895374c1d.compressed_content.json,
Europe/Warsaw,1662933600000,2022-09-20 02:50:27.779,2022-09-20 02:50:25.831,0,0,2,t2lQEfg4vc,X,com.sec.android.app.shealth,7af1d20c-0805-4b50-a9a1-c9d2886746aa,7af1d20c-0805-4b50-a9a1-c9d2886746aa.compressed_content.json,
Europe/Warsaw,1663538400000,2022-09-26 12:39:46.537,2022-09-26 12:39:42.867,0,0,2,t2lQEfg4vc,X,com.sec.android.app.shealth,6df7659c-f249-4b1b-b6f7-5347d858e93b,6df7659c-f249-4b1b-b6f7-5347d858e93b.compressed_content.json,
Europe/Warsaw,1664143200000,2022-10-05 04:40:12.450,2022-10-05 04:39:57.525,0,0,2,t2lQEfg4vc,X,com.sec.android.app.shealth,52dcd3dc-6a24-4b17-a388-f094bd9135a7,52dcd3dc-6a24-4b17-a388-f094bd9135a7.compressed_content.json,
Europe/Warsaw,1664748000000,2022-10-10 12:56:56.441,2022-10-10 12:56:53.016,0,0,2,t2lQEfg4vc,X,com.sec.android.app.shealth,3b06f17a-1819-468f-ad3b-8563e2306ea4,3b06f17a-1819-468f-ad3b-8563e2306ea4.compressed_content.json,
Europe/Warsaw,1665352800000,2022-10-17 13:06:05.814,2022-10-17 13:06:02.344,0,0,2,t2lQEfg4vc,X,com.sec.android.app.shealth,82105b47-e453-4329-a035-ae607a3699ec,82105b47-e453-4329-a035-ae607a3699ec.compressed_content.json,
Europe/Warsaw,1665957600000,2022-10-24 14:22:36.528,2022-10-24 14:22:31.092,0,0,2,t2lQEfg4vc,X,com.sec.android.app.shealth,82c24056-e01e-4302-b52a-f6336319d4ba,82c24056-e01e-4302-b52a-f6336319d4ba.compressed_content.json,
Europe/Warsaw,1666562400000,2022-10-31 13:44:38.998,2022-10-31 13:44:33.263,0,0,2,t2lQEfg4vc,X,com.sec.android.app.shealth,6e783951-005f-4187-b5f3-0c8e9ea7e17b,6e783951-005f-4187-b5f3-0c8e9ea7e17b.compressed_content.json,
Europe/Warsaw,1667775600000,2022-11-15 15:29:46.256,2022-11-15 15:29:44.169,0,0,2,t2lQEfg4vc,X,com.sec.android.app.shealth,118bc3e4-145a-4245-be77-26d160765e06,118bc3e4-145a-4245-be77-26d160765e06.compressed_content.json,
Europe/Warsaw,1668380400000,2022-11-25 14:12:52.943,2022-11-24 05:12:45.162,0,0,2,t2lQEfg4vc,X,com.sec.android.app.shealth,9b7916c4-6a3f-40c4-a7fe-bbc19de1b7c0,9b7916c4-6a3f-40c4-a7fe-bbc19de1b7c0.compressed_content.json,
Europe/Warsaw,1668985200000,2022-11-28 16:27:21.389,2022-11-28 16:26:59.213,0,0,2,t2lQEfg4vc,X,com.sec.android.app.shealth,479d656e-0d4c-4898-9b98-4ca37ca14966,479d656e-0d4c-4898-9b98-4ca37ca14966.compressed_content.json,
Europe/Warsaw,1669590000000,2022-12-05 14:51:04.202,2022-12-05 14:50:59.597,0,0,2,t2lQEfg4vc,X,com.sec.android.app.shealth,ed0eb292-51f9-4a93-aceb-6b51a265c53b,ed0eb292-51f9-4a93-aceb-6b51a265c53b.compressed_content.json,
Europe/Warsaw,1670194800000,2022-12-12 14:25:32.147,2022-12-12 14:25:28.490,0,0,2,t2lQEfg4vc,X,com.sec.android.app.shealth,1a96e90b-485c-46e1-a992-51035adc6775,1a96e90b-485c-46e1-a992-51035adc6775.compressed_content.json,
Europe/Warsaw,1670799600000,2022-12-19 14:39:58.005,2022-12-19 14:39:54.513,0,0,2,t2lQEfg4vc,X,com.sec.android.app.shealth,4bf6404c-ee12-43a0-a7c5-ad93745a3c93,4bf6404c-ee12-43a0-a7c5-ad93745a3c93.compressed_content.json,
Europe/Warsaw,1671404400000,2022-12-26 15:44:05.125,2022-12-26 15:43:58.326,0,0,2,t2lQEfg4vc,X,com.sec.android.app.shealth,adf6618d-d054-42ce-9234-35063139b2c6,adf6618d-d054-42ce-9234-35063139b2c6.compressed_content.json,
Europe/Warsaw,1672009200000,2023-01-03 14:43:42.355,2023-01-02 15:01:51.541,0,0,2,t2lQEfg4vc,X,com.sec.android.app.shealth,d7cc8e8e-1a7c-4f01-a6f8-08063c00b784,d7cc8e8e-1a7c-4f01-a6f8-08063c00b784.compressed_content.json,
Europe/Warsaw,1672614000000,2023-01-09 15:07:26.972,2023-01-09 15:07:22.533,0,0,2,t2lQEfg4vc,X,com.sec.android.app.shealth,92234255-69c1-46ad-bf0c-0e122ad2157d,92234255-69c1-46ad-bf0c-0e122ad2157d.compressed_content.json,
Europe/Warsaw,1673218800000,2023-01-16 13:53:18.680,2023-01-16 13:53:13.307,0,0,2,t2lQEfg4vc,X,com.sec.android.app.shealth,9c635443-3406-49c1-b316-bb7c9813fee0,9c635443-3406-49c1-b316-bb7c9813fee0.compressed_content.json,
Europe/Warsaw,1699830000000,2023-11-24 06:58:40.968,2023-11-24 06:58:40.968,0,0,3,CdeuO5Zn7i,X,com.sec.android.app.shealth,db6385bd-4bb9-4a06-991d-533aedfb6b6b,db6385bd-4bb9-4a06-991d-533aedfb6b6b.compressed_content.json,
Europe/Warsaw,1700434800000,2023-11-27 12:02:36.444,2023-11-27 12:02:36.444,0,0,3,CdeuO5Zn7i,X,com.sec.android.app.shealth,df519213-d019-45ae-a165-1e99dc3cf2bf,df519213-d019-45ae-a165-1e99dc3cf2bf.compressed_content.json,
Europe/Warsaw,1701039600000,2023-12-04 12:02:36.728,2023-12-04 12:02:36.728,0,0,3,CdeuO5Zn7i,X,com.sec.android.app.shealth,79d0e6c1-e543-4fb7-8718-06ee2f48b9a9,79d0e6c1-e543-4fb7-8718-06ee2f48b9a9.compressed_content.json,
Europe/Warsaw,1701644400000,2023-12-11 12:02:15.803,2023-12-11 12:02:15.803,0,0,3,CdeuO5Zn7i,X,com.sec.android.app.shealth,e582f2c6-fad8-4bd4-8eea-fd3d02b0a399,e582f2c6-fad8-4bd4-8eea-fd3d02b0a399.compressed_content.json,
Europe/Warsaw,1702249200000,2023-12-18 12:02:12.124,2023-12-18 12:02:12.124,0,0,3,CdeuO5Zn7i,X,com.sec.android.app.shealth,1c9ad1e3-b739-4191-915b-cb0c450faaba,1c9ad1e3-b739-4191-915b-cb0c450faaba.compressed_content.json,
Europe/Warsaw,1702854000000,2023-12-25 12:02:33.084,2023-12-25 12:02:33.084,0,0,3,CdeuO5Zn7i,X,com.sec.android.app.shealth,fc382d7f-069d-4271-8b64-77ec2e09309c,fc382d7f-069d-4271-8b64-77ec2e09309c.compressed_content.json,
Europe/Warsaw,1703458800000,2024-01-01 12:06:15.544,2024-01-01 12:06:15.544,0,0,3,CdeuO5Zn7i,X,com.sec.android.app.shealth,dce71e9c-6662-4dac-8940-a59d36a20c09,dce71e9c-6662-4dac-8940-a59d36a20c09.compressed_content.json,
Europe/Warsaw,1704063600000,2024-01-08 13:15:18.958,2024-01-08 13:15:18.958,0,0,3,CdeuO5Zn7i,X,com.sec.android.app.shealth,de541546-c20b-4121-a960-fc6bcfe19d94,de541546-c20b-4121-a960-fc6bcfe19d94.compressed_content.json,
Europe/Warsaw,1704668400000,2024-01-15 12:02:30.247,2024-01-15 12:02:30.247,0,0,3,CdeuO5Zn7i,X,com.sec.android.app.shealth,8cfb2007-22a3-4e2b-af43-3530653a3253,8cfb2007-22a3-4e2b-af43-3530653a3253.compressed_content.json,
Europe/Warsaw,1705273200000,2024-01-22 12:02:18.509,2024-01-22 12:02:18.509,0,0,3,CdeuO5Zn7i,X,com.sec.android.app.shealth,ad365fba-376a-48dd-9bbf-b1ed7b10342a,ad365fba-376a-48dd-9bbf-b1ed7b10342a.compressed_content.json,
Europe/Warsaw,1705878000000,2024-01-29 12:03:09.203,2024-01-29 12:03:09.203,0,0,3,CdeuO5Zn7i,X,com.sec.android.app.shealth,f8fc5551-8685-4f00-980e-1a15734e99ea,f8fc5551-8685-4f00-980e-1a15734e99ea.compressed_content.json,
Europe/Warsaw,1706482800000,2024-02-05 12:02:34.733,2024-02-05 12:02:34.733,0,0,3,CdeuO5Zn7i,X,com.sec.android.app.shealth,3a2e3c95-a4f1-4970-8791-83a064938ca0,3a2e3c95-a4f1-4970-8791-83a064938ca0.compressed_content.json,
Europe/Warsaw,1707087600000,2024-02-12 12:02:13.130,2024-02-12 12:02:13.130,0,0,3,CdeuO5Zn7i,X,com.sec.android.app.shealth,3f5bd38c-42fd-4c49-8083-f016b1ef41f5,3f5bd38c-42fd-4c49-8083-f016b1ef41f5.compressed_content.json,
Europe/Warsaw,1707692400000,2024-02-19 12:02:12.553,2024-02-19 12:02:12.553,0,0,3,CdeuO5Zn7i,X,com.sec.android.app.shealth,23414a14-9808-4a9e-b2b1-d6e505aa56cf,23414a14-9808-4a9e-b2b1-d6e505aa56cf.compressed_content.json,
Europe/Warsaw,1708297200000,2024-02-26 12:02:22.014,2024-02-26 12:02:22.014,0,0,3,CdeuO5Zn7i,X,com.sec.android.app.shealth,f1383228-bcfa-457c-a2ef-52ab9d4b0613,f1383228-bcfa-457c-a2ef-52ab9d4b0613.compressed_content.json,
Europe/Warsaw,1708902000000,2024-03-04 12:02:18.064,2024-03-04 12:02:18.064,0,0,3,CdeuO5Zn7i,X,com.sec.android.app.shealth,feac9fa9-3430-49f5-b20e-1fef5ddd8da1,feac9fa9-3430-49f5-b20e-1fef5ddd8da1.compressed_content.json,
Europe/Warsaw,1709506800000,2024-03-11 12:02:38.322,2024-03-11 12:02:38.322,0,0,3,CdeuO5Zn7i,X,com.sec.android.app.shealth,51b69184-8e61-4c7f-8e76-bf494fa305e6,51b69184-8e61-4c7f-8e76-bf494fa305e6.compressed_content.json,
Europe/Warsaw,1710111600000,2024-03-18 12:02:18.965,2024-03-18 12:02:18.965,0,0,3,CdeuO5Zn7i,X,com.sec.android.app.shealth,8c0686d0-de13-41ce-9715-c61459995019,8c0686d0-de13-41ce-9715-c61459995019.compressed_content.json,
Europe/Warsaw,1710630000000,2024-03-24 12:02:45.511,2024-03-24 12:02:45.511,0,0,3,CdeuO5Zn7i,X,com.sec.android.app.shealth,436bae33-7024-45b1-9e38-55850b5d3bc4,436bae33-7024-45b1-9e38-55850b5d3bc4.compressed_content.json,
Europe/Warsaw,1711234800000,2024-03-31 11:04:02.765,2024-03-31 11:04:02.765,0,0,3,CdeuO5Zn7i,X,com.sec.android.app.shealth,f7402448-8ab5-4d95-89d0-1851498dcf57,f7402448-8ab5-4d95-89d0-1851498dcf57.compressed_content.json,
Europe/Warsaw,1711839600000,2024-04-07 11:08:07.716,2024-04-07 11:08:07.716,0,0,3,CdeuO5Zn7i,X,com.sec.android.app.shealth,6c22719e-6936-42cc-b5fa-3c5a5bfbdc55,6c22719e-6936-42cc-b5fa-3c5a5bfbdc55.compressed_content.json,
Europe/Warsaw,1712440800000,2024-04-14 11:14:04.595,2024-04-14 11:14:04.595,0,0,3,CdeuO5Zn7i,X,com.sec.android.app.shealth,6e096bb6-658a-4731-b0e5-b1173d801c56,6e096bb6-658a-4731-b0e5-b1173d801c56.compressed_content.json,
Europe/Warsaw,1713045600000,2024-04-21 11:06:57.203,2024-04-21 11:06:57.203,0,0,3,CdeuO5Zn7i,X,com.sec.android.app.shealth,3047c7bf-2071-4669-926d-06dfda047862,3047c7bf-2071-4669-926d-06dfda047862.compressed_content.json,
Europe/Warsaw,1713650400000,2024-04-28 11:04:51.002,2024-04-28 11:04:51.002,0,0,3,CdeuO5Zn7i,X,com.sec.android.app.shealth,a937e039-1c2c-4331-af64-756371455228,a937e039-1c2c-4331-af64-756371455228.compressed_content.json,
Europe/Warsaw,1714255200000,2024-05-05 11:02:18.543,2024-05-05 11:02:18.543,0,0,3,CdeuO5Zn7i,X,com.sec.android.app.shealth,a8f5b30e-d2f7-44b5-b912-a6a4aff10f06,a8f5b30e-d2f7-44b5-b912-a6a4aff10f06.compressed_content.json,
Europe/Warsaw,1714860000000,2024-05-12 11:02:14.532,2024-05-12 11:02:14.532,0,0,3,CdeuO5Zn7i,X,com.sec.android.app.shealth,804e38ee-ca0e-449a-add2-683355428cd3,804e38ee-ca0e-449a-add2-683355428cd3.compressed_content.json,
Europe/Warsaw,1715464800000,2024-05-19 11:02:22.598,2024-05-19 11:02:22.598,0,0,3,CdeuO5Zn7i,X,com.sec.android.app.shealth,c8568137-96a3-4a08-9cb3-aa2328aebdd6,c8568137-96a3-4a08-9cb3-aa2328aebdd6.compressed_content.json,
Europe/Warsaw,1716069600000,2024-05-26 11:02:15.038,2024-05-26 11:02:15.038,0,0,3,CdeuO5Zn7i,X,com.sec.android.app.shealth,4848299b-fcdd-4d97-9a3a-daef36813d02,4848299b-fcdd-4d97-9a3a-daef36813d02.compressed_content.json,
Europe/Warsaw,1716674400000,2024-06-02 11:02:15.590,2024-06-02 11:02:15.590,0,0,3,CdeuO5Zn7i,X,com.sec.android.app.shealth,c8427b4e-b920-468c-95df-b713a7922859,c8427b4e-b920-468c-95df-b713a7922859.compressed_content.json,
Europe/Warsaw,1717279200000,2024-06-09 11:06:49.325,2024-06-09 11:06:49.325,0,0,3,CdeuO5Zn7i,X,com.sec.android.app.shealth,e5741b4a-fae3-4243-9613-319614c59e51,e5741b4a-fae3-4243-9613-319614c59e51.compressed_content.json,
Europe/Warsaw,1717884000000,2024-06-16 11:10:41.575,2024-06-16 11:10:41.575,0,0,3,CdeuO5Zn7i,X,com.sec.android.app.shealth,d21ed64a-c824-4c8b-9f1a-68a282baafbd,d21ed64a-c824-4c8b-9f1a-68a282baafbd.compressed_content.json,
Europe/Warsaw,1718488800000,2024-06-23 11:02:10.845,2024-06-23 11:02:10.845,0,0,3,CdeuO5Zn7i,X,com.sec.android.app.shealth,bf61e4c2-fc5e-46af-adea-53decd297391,bf61e4c2-fc5e-46af-adea-53decd297391.compressed_content.json,
Europe/Rome,1719093600000,2024-06-30 11:04:06.140,2024-06-30 11:04:06.140,0,0,3,CdeuO5Zn7i,X,com.sec.android.app.shealth,33f628bf-5e69-4b33-85d7-1e5b0da71fdd,33f628bf-5e69-4b33-85d7-1e5b0da71fdd.compressed_content.json,
Europe/Rome,1719698400000,2024-07-07 11:02:27.263,2024-07-07 11:02:27.263,0,0,3,CdeuO5Zn7i,X,com.sec.android.app.shealth,423b7c77-aed6-4d17-adda-397986cbef6b,423b7c77-aed6-4d17-adda-397986cbef6b.compressed_content.json,
Europe/Warsaw,1720303200000,2024-07-14 11:02:47.847,2024-07-14 11:02:47.847,0,0,3,CdeuO5Zn7i,X,com.sec.android.app.shealth,375ea778-c3a9-49f2-a9d4-6b801e5794d7,375ea778-c3a9-49f2-a9d4-6b801e5794d7.compressed_content.json,
Europe/Warsaw,1720908000000,2024-07-21 11:02:17.591,2024-07-21 11:02:17.591,0,0,3,CdeuO5Zn7i,X,com.sec.android.app.shealth,cc1e9f8c-ab54-4bc2-9627-34824ec22287,cc1e9f8c-ab54-4bc2-9627-34824ec22287.compressed_content.json,
Europe/Warsaw,1721512800000,2024-07-28 11:11:56.997,2024-07-28 11:11:56.997,0,0,3,CdeuO5Zn7i,X,com.sec.android.app.shealth,0f67429a-fe32-4d9f-bb18-aa644d77972f,0f67429a-fe32-4d9f-bb18-aa644d77972f.compressed_content.json,
Europe/Warsaw,1722117600000,2024-08-04 11:02:13.220,2024-08-04 11:02:13.220,0,0,3,CdeuO5Zn7i,X,com.sec.android.app.shealth,cbf57b02-aaae-4031-9e86-5cd539e44cd9,cbf57b02-aaae-4031-9e86-5cd539e44cd9.compressed_content.json,
Europe/Warsaw,1722722400000,2024-08-11 11:02:19.828,2024-08-11 11:02:19.828,0,0,3,CdeuO5Zn7i,X,com.sec.android.app.shealth,f3f9880f-3e3e-4cc8-9314-4d7111521c26,f3f9880f-3e3e-4cc8-9314-4d7111521c26.compressed_content.json,
Europe/Warsaw,1723327200000,2024-08-18 11:02:13.938,2024-08-18 11:02:13.938,0,0,3,CdeuO5Zn7i,X,com.sec.android.app.shealth,ae8a597d-ab09-4989-885e-f7c24ca80979,ae8a597d-ab09-4989-885e-f7c24ca80979.compressed_content.json,
Europe/Warsaw,1723932000000,2024-08-25 11:03:14.580,2024-08-25 11:03:14.580,0,0,3,CdeuO5Zn7i,X,com.sec.android.app.shealth,81e10e8d-57b6-466f-8cbb-e48035d78d13,81e10e8d-57b6-466f-8cbb-e48035d78d13.compressed_content.json,
Europe/Warsaw,1724536800000,2024-09-01 11:02:39.948,2024-09-01 11:02:39.948,0,0,3,CdeuO5Zn7i,X,com.sec.android.app.shealth,4580576c-26da-4ea9-833d-ad2ea0246b94,4580576c-26da-4ea9-833d-ad2ea0246b94.compressed_content.json,
Europe/Warsaw,1725141600000,2024-09-08 11:03:00.709,2024-09-08 11:03:00.709,0,0,3,CdeuO5Zn7i,X,com.sec.android.app.shealth,13fd04d0-ac83-4037-92b0-fe31d69638c3,13fd04d0-ac83-4037-92b0-fe31d69638c3.compressed_content.json,
Europe/Warsaw,1725746400000,2024-09-15 11:02:31.328,2024-09-15 11:02:31.328,0,0,3,CdeuO5Zn7i,X,com.sec.android.app.shealth,ea3f607f-df14-4d63-a1dd-3e6be6ec4e87,ea3f607f-df14-4d63-a1dd-3e6be6ec4e87.compressed_content.json,
Europe/Warsaw,1726351200000,2024-09-22 11:02:17.044,2024-09-22 11:02:17.044,0,0,3,CdeuO5Zn7i,X,com.sec.android.app.shealth,a12f0a65-e996-4af8-a055-3027210fbf8b,a12f0a65-e996-4af8-a055-3027210fbf8b.compressed_content.json,
Europe/Warsaw,1726956000000,2024-09-29 11:07:56.403,2024-09-29 11:07:56.403,0,0,3,CdeuO5Zn7i,X,com.sec.android.app.shealth,fa601a4d-6a05-4e9b-a2c4-c9c5e337cccc,fa601a4d-6a05-4e9b-a2c4-c9c5e337cccc.compressed_content.json,
Europe/Warsaw,1727560800000,2024-10-06 11:08:05.356,2024-10-06 11:08:05.356,0,0,3,CdeuO5Zn7i,X,com.sec.android.app.shealth,3585177c-7942-4df3-8d2f-0513faf4df11,3585177c-7942-4df3-8d2f-0513faf4df11.compressed_content.json,
Europe/Warsaw,1728165600000,2024-10-13 11:02:13.771,2024-10-13 11:02:13.771,0,0,3,CdeuO5Zn7i,X,com.sec.android.app.shealth,22f21404-3de1-4937-b7cf-14438295e7c2,22f21404-3de1-4937-b7cf-14438295e7c2.compressed_content.json,
Europe/Warsaw,1728770400000,2024-10-20 11:02:16.474,2024-10-20 11:02:16.474,0,0,3,CdeuO5Zn7i,X,com.sec.android.app.shealth,b5f7fdf2-108d-43cb-9b65-cd124b41c4aa,b5f7fdf2-108d-43cb-9b65-cd124b41c4aa.compressed_content.json,
Europe/Warsaw,1729375200000,2024-10-27 12:02:13.264,2024-10-27 12:02:13.264,0,0,3,CdeuO5Zn7i,X,com.sec.android.app.shealth,e523df0c-05a3-4db1-b90f-b9f05c8e38e3,e523df0c-05a3-4db1-b90f-b9f05c8e38e3.compressed_content.json,
Europe/Warsaw,1729980000000,2024-11-05 12:02:13.741,2024-11-05 12:02:13.741,0,0,3,CdeuO5Zn7i,X,com.sec.android.app.shealth,47e57569-8d1e-4c07-9e57-35a0b99eecc5,47e57569-8d1e-4c07-9e57-35a0b99eecc5.compressed_content.json,
Europe/Warsaw,1731193200000,2024-11-19 12:06:15.055,2024-11-19 12:06:15.055,0,0,3,CdeuO5Zn7i,X,com.sec.android.app.shealth,1396f50e-bf39-4679-94b3-85cb0fc9c338,1396f50e-bf39-4679-94b3-85cb0fc9c338.compressed_content.json,
Europe/Warsaw,1731798000000,2024-11-24 12:02:46.209,2024-11-24 12:02:46.209,0,0,3,CdeuO5Zn7i,X,com.sec.android.app.shealth,9eef75cb-e19f-4399-94ce-8ddd9991aadd,9eef75cb-e19f-4399-94ce-8ddd9991aadd.compressed_content.json,
Europe/Warsaw,1732402800000,2024-12-01 12:02:25.653,2024-12-01 12:02:25.653,0,0,3,CdeuO5Zn7i,X,com.sec.android.app.shealth,bcce8211-ad44-4094-9d2c-8424765a8fa1,bcce8211-ad44-4094-9d2c-8424765a8fa1.compressed_content.json,
Europe/Warsaw,1733007600000,2024-12-08 12:02:42.990,2024-12-08 12:02:42.990,0,0,3,CdeuO5Zn7i,X,com.sec.android.app.shealth,db7de965-6925-49f9-b7fa-a46ddccff8bf,db7de965-6925-49f9-b7fa-a46ddccff8bf.compressed_content.json,
Europe/Warsaw,1733612400000,2024-12-15 12:02:35.224,2024-12-15 12:02:35.224,0,0,3,CdeuO5Zn7i,X,com.sec.android.app.shealth,03cbd806-d300-4a10-9431-5886629f24dc,03cbd806-d300-4a10-9431-5886629f24dc.compressed_content.json,
Europe/Warsaw,1734217200000,2024-12-22 12:02:24.085,2024-12-22 12:02:24.085,0,0,3,CdeuO5Zn7i,X,com.sec.android.app.shealth,8aa4b353-0000-4d7c-9893-c6e36037b636,8aa4b353-0000-4d7c-9893-c6e36037b636.compressed_content.json,
Europe/Warsaw,1734822000000,2024-12-29 12:02:35.510,2024-12-29 12:02:35.510,0,0,3,CdeuO5Zn7i,X,com.sec.android.app.shealth,09379c36-f2f8-4d6d-aed2-31e115d455a1,09379c36-f2f8-4d6d-aed2-31e115d455a1.compressed_content.json,
Europe/Warsaw,1735426800000,2025-01-05 12:04:16.285,2025-01-05 12:04:16.285,0,0,3,CdeuO5Zn7i,X,com.sec.android.app.shealth,012e7634-3e6e-4030-9be2-5db98f3cba45,012e7634-3e6e-4030-9be2-5db98f3cba45.compressed_content.json,
Europe/Warsaw,1736031600000,2025-01-12 12:02:07.649,2025-01-12 12:02:07.649,0,0,3,CdeuO5Zn7i,X,com.sec.android.app.shealth,7491a259-87b4-43c7-9505-d632eb16a6b5,7491a259-87b4-43c7-9505-d632eb16a6b5.compressed_content.json,
Europe/Warsaw,1736636400000,2025-01-19 12:02:49.279,2025-01-19 12:02:49.279,0,0,3,CdeuO5Zn7i,X,com.sec.android.app.shealth,3efddec2-3649-4dab-bdfd-67000b67c560,3efddec2-3649-4dab-bdfd-67000b67c560.compressed_content.json,
Europe/Warsaw,1737241200000,2025-01-30 12:03:00.581,2025-01-30 12:03:00.581,0,0,3,CdeuO5Zn7i,X,com.sec.android.app.shealth,634bae93-486c-4a08-be88-65432beb502e,634bae93-486c-4a08-be88-65432beb502e.compressed_content.json,
Europe/Warsaw,1737846000000,2025-02-02 12:09:33.811,2025-02-02 12:09:33.811,0,0,3,CdeuO5Zn7i,X,com.sec.android.app.shealth,69c7b331-b500-4927-a043-34859f61d1b2,69c7b331-b500-4927-a043-34859f61d1b2.compressed_content.json,
Europe/Warsaw,1738450800000,2025-02-09 12:02:28.242,2025-02-09 12:02:28.242,0,0,3,CdeuO5Zn7i,X,com.sec.android.app.shealth,ad69e8ad-e6ed-4aea-be3d-b1c35236721d,ad69e8ad-e6ed-4aea-be3d-b1c35236721d.compressed_content.json,
Europe/Warsaw,1739055600000,2025-02-16 12:07:03.508,2025-02-16 12:07:03.508,0,0,3,CdeuO5Zn7i,X,com.sec.android.app.shealth,65e3d65a-83e2-464d-b9b1-f5a1621bf5a6,65e3d65a-83e2-464d-b9b1-f5a1621bf5a6.compressed_content.json,
Europe/Warsaw,1739660400000,2025-02-23 12:06:54.426,2025-02-23 12:06:54.426,0,0,3,CdeuO5Zn7i,X,com.sec.android.app.shealth,9eeb179f-5c15-43a9-a5d4-b9c84695fbf5,9eeb179f-5c15-43a9-a5d4-b9c84695fbf5.compressed_content.json,
Europe/Warsaw,1740265200000,2025-03-02 12:02:11.628,2025-03-02 12:02:11.628,0,0,3,CdeuO5Zn7i,X,com.sec.android.app.shealth,756fb55a-fc28-4dcc-a236-abdf5fe3a6a7,756fb55a-fc28-4dcc-a236-abdf5fe3a6a7.compressed_content.json,
Europe/Warsaw,1740870000000,2025-03-09 12:02:41.032,2025-03-09 12:02:41.032,0,0,3,CdeuO5Zn7i,X,com.sec.android.app.shealth,2646cc38-5fbd-427b-a2d1-bddf5e8308fd,2646cc38-5fbd-427b-a2d1-bddf5e8308fd.compressed_content.json,
Europe/Warsaw,1741474800000,2025-03-16 12:03:34.934,2025-03-16 12:03:34.934,0,0,3,CdeuO5Zn7i,X,com.sec.android.app.shealth,8509df53-b405-4bad-b9ff-bee4e7cb1e86,8509df53-b405-4bad-b9ff-bee4e7cb1e86.compressed_content.json,
Europe/Warsaw,1742079600000,2025-03-23 12:02:12.558,2025-03-23 12:02:12.558,0,0,3,CdeuO5Zn7i,X,com.sec.android.app.shealth,3afce815-560f-4e24-9e8e-ebe1dd019a1f,3afce815-560f-4e24-9e8e-ebe1dd019a1f.compressed_content.json,
Europe/Warsaw,1742684400000,2025-03-30 11:02:36.167,2025-03-30 11:02:36.167,0,0,3,CdeuO5Zn7i,X,com.sec.android.app.shealth,733cfbad-b425-44f4-a987-ecbb23b65a82,733cfbad-b425-44f4-a987-ecbb23b65a82.compressed_content.json,
Europe/Warsaw,1743289200000,2025-04-06 11:02:14.746,2025-04-06 11:02:14.746,0,0,3,CdeuO5Zn7i,X,com.sec.android.app.shealth,acf27721-4015-4ca7-bc16-750c9725e2dd,acf27721-4015-4ca7-bc16-750c9725e2dd.compressed_content.json,
Europe/Warsaw,1743890400000,2025-04-13 11:02:37.968,2025-04-13 11:02:37.968,0,0,3,CdeuO5Zn7i,X,com.sec.android.app.shealth,8c4bb649-f99f-4b47-bf5e-61740d60e39b,8c4bb649-f99f-4b47-bf5e-61740d60e39b.compressed_content.json,
Europe/Warsaw,1744495200000,2025-04-20 11:02:18.999,2025-04-20 11:02:18.999,0,0,3,CdeuO5Zn7i,X,com.sec.android.app.shealth,10bfc5ea-bc7f-421f-9dda-e353dfdebe3e,10bfc5ea-bc7f-421f-9dda-e353dfdebe3e.compressed_content.json,
Europe/Warsaw,1745100000000,2025-04-27 11:06:35.537,2025-04-27 11:06:35.537,0,0,3,CdeuO5Zn7i,X,com.sec.android.app.shealth,3f9a3f2a-72b7-4c32-bd3f-024aa0bfed51,3f9a3f2a-72b7-4c32-bd3f-024aa0bfed51.compressed_content.json,
Europe/Warsaw,1745704800000,2025-05-04 11:02:19.162,2025-05-04 11:02:19.162,0,0,3,CdeuO5Zn7i,X,com.sec.android.app.shealth,ee91fdf6-1545-466f-998c-f3dcea3709d0,ee91fdf6-1545-466f-998c-f3dcea3709d0.compressed_content.json,
Europe/Warsaw,1746309600000,2025-05-11 11:02:27.921,2025-05-11 11:02:27.921,0,0,3,CdeuO5Zn7i,X,com.sec.android.app.shealth,a348e01a-7222-4cf4-bc82-84ab6eafa88f,a348e01a-7222-4cf4-bc82-84ab6eafa88f.compressed_content.json,
Europe/Warsaw,1746914400000,2025-05-18 11:02:35.885,2025-05-18 11:02:35.885,0,0,3,CdeuO5Zn7i,X,com.sec.android.app.shealth,20038ddd-24a1-43bd-a636-7939024fb3e0,20038ddd-24a1-43bd-a636-7939024fb3e0.compressed_content.json,
Europe/Warsaw,1747519200000,2025-05-25 11:02:10.874,2025-05-25 11:02:10.874,0,0,3,CdeuO5Zn7i,X,com.sec.android.app.shealth,4b64b5fa-b27d-4e7e-9ee5-ce564bf7bd1c,4b64b5fa-b27d-4e7e-9ee5-ce564bf7bd1c.compressed_content.json,
Europe/Warsaw,1748124000000,2025-06-01 11:02:32.913,2025-06-01 11:02:32.913,0,0,3,CdeuO5Zn7i,X,com.sec.android.app.shealth,71f5c871-b6bd-4ad2-a3d7-894c44c21c63,71f5c871-b6bd-4ad2-a3d7-894c44c21c63.compressed_content.json,
